{
  "model_name": "bm_classifier",
  "model_path": "checkpoints\\bm_classifier_best.keras",
  "accuracy": 0.7892287234042553,
  "precision": 0.708812001275373,
  "recall": 0.7892287234042553,
  "f1_score": 0.7274711236716459,
  "roc_auc": 0.53405858211053,
  "confusion_matrix": [
    [
      1170,
      40
    ],
    [
      277,
      17
    ]
  ],
  "class_names": [
    "benign",
    "malignant"
  ]
}