{
  "model_name": "DenseNet121",
  "model_path": "checkpoints_94\\DenseNet121_quick.keras",
  "accuracy": 0.8045212765957447,
  "precision": 0.6472544844952467,
  "recall": 0.8045212765957447,
  "f1_score": 0.7173697455275246,
  "roc_auc": 0.7281272839714398,
  "confusion_matrix": [
    [
      1210,
      0
    ],
    [
      294,
      0
    ]
  ],
  "class_names": [
    "benign",
    "malignant"
  ]
}